product_id,name,category,duration_minutes,stress_target,effectiveness,description,tags,price
A001,Guided Body Scan Meditation,Mindfulness,20,stress,high,Full body awareness meditation reduces physical tension and mental fatigue,meditation mindfulness body relaxation tension stress relief calm focus,20
A002,Mindful Breathing Exercise,Mindfulness,10,anxiety,high,Diaphragmatic breathing activates parasympathetic nervous system to calm anxiety,breathing mindfulness anxiety calm nervous quick relief diaphragm,10
A003,Progressive Muscle Relaxation,Mindfulness,25,stress,high,Systematically tense and release muscle groups to reduce physical stress response,muscle relaxation stress physical tension body release pmr progressive,25
A004,Loving-Kindness Meditation,Mindfulness,20,depression,high,Cultivate compassion and positive emotions toward self and others,meditation compassion kindness depression positivity self love warm,20
A005,Mindfulness App Session,Mindfulness,15,all,moderate,Guided mindfulness session using a digital app suitable for all beginners,mindfulness app guided beginner meditation digital calm daily all,15
A006,4-7-8 Breathing Technique,Mindfulness,10,anxiety,high,Structured breathing pattern that quickly reduces anxiety and promotes sleep onset,breathing anxiety sleep quick technique nervous calm 478 structure,10
A007,Grounding 5-4-3-2-1 Technique,Mindfulness,10,anxiety,high,Sensory grounding exercise to interrupt anxiety spirals and panic attacks,grounding anxiety panic sensory present moment awareness technique,10
A008,Morning Mindfulness Routine,Mindfulness,30,stress,high,Start your day with intention through meditation breathing and gratitude practice,morning routine stress meditation gratitude intention daily habit,30
A009,Mindful Walking,Mindfulness,20,all,moderate,Walk with full sensory awareness integrating movement and meditation practice,walking mindfulness movement outdoor awareness nature calm all gentle,20
A010,Zen Coloring / Mandala,Mindfulness,30,anxiety,moderate,Meditative coloring to focus the mind and quiet anxious overthinking,coloring mandala zen anxiety focus creative calming art pattern,30
A011,Yoga Nidra (Sleep Yoga),Mindfulness,45,stress,high,Deep guided relaxation at the threshold between wakefulness and sleep,yoga nidra sleep stress deep relaxation guided rest theta,45
A012,Visualization Meditation,Mindfulness,20,depression,moderate,Guided imagery to create positive mental experiences and elevate mood,visualization meditation depression mood positive imagery mental uplift,20
A013,Yoga (Beginner),Physical,30,all,high,Gentle yoga sequences combining postures breathwork and mindfulness for all levels,yoga beginner posture breathing flexibility mindfulness all gentle,30
A014,Yoga (Intermediate),Physical,45,stress,high,Dynamic yoga flow building strength flexibility and mental resilience,yoga intermediate flow strength flexibility stress mental resilience,45
A015,Morning Walk / Jog,Physical,30,depression,high,Aerobic exercise releases endorphins and serotonin to directly combat depression,walk jog exercise depression endorphin serotonin outdoor morning aerobic,30
A016,Stretching Routine,Physical,15,stress,moderate,Full-body stretching releases accumulated muscle tension and improves body awareness,stretching stress tension body flexibility quick daily release,15
A017,Dance Exercise / Zumba,Physical,45,depression,high,Upbeat dancing combining cardio and joy to powerfully boost mood and energy levels,dance zumba depression mood cardio fun energy upbeat rhythm joy,45
A018,Swimming,Physical,45,stress,high,Low-impact full-body exercise with meditative water effects for profound stress relief,swimming stress water exercise meditative low impact body float,45
A019,Cycling Outdoors,Physical,45,depression,moderate,Outdoor cycling combining physical activity with nature exposure and freedom,cycling outdoor exercise depression nature exposure cardio freedom,45
A020,HIIT Workout,Physical,30,stress,high,High-intensity interval training burns excess stress hormones and dramatically boosts mood,hiit workout stress cortisol burn intense cardio mood interval,30
A021,Nature Hike,Physical,90,all,high,Immersive nature experience combining aerobic exercise with forest therapy benefits,hike nature outdoor exercise forest therapy all mood restoration,90
A022,Tai Chi / Qigong,Physical,30,anxiety,high,Slow meditative movements balance energy and calm the overactivated nervous system,tai chi qigong anxiety meditation movement slow energy calm balance,30
A023,Gratitude Journaling,Creative,15,depression,high,Write three things you are grateful for to rewire persistent negative thought patterns,journaling gratitude depression positive thinking rewire habit daily,15
A024,Art Therapy,Creative,45,anxiety,high,Expressive art making externalizes anxiety and promotes healthy emotional processing,art therapy drawing painting anxiety expression emotion creative visual,45
A025,Music Listening (Playlist),Creative,30,all,moderate,Curated calming or uplifting music to regulate mood and lower stress arousal,music playlist calming uplifting mood stress regulation emotion all,30
A026,Creative Writing,Creative,45,depression,moderate,Storytelling and narrative writing to process emotions and reconstruct meaning,writing creative depression storytelling narrative emotion meaning process,45
A027,Photography Walk,Creative,60,all,moderate,Mindful photography combines outdoor movement with creative focus and presence,photography walk outdoor creative mindful focus nature all presence,60
A028,DIY Craft Project,Creative,60,anxiety,moderate,Hands-on creative work produces flow state that interrupts anxious rumination,craft diy anxiety hands creative flow state rumination make,60
A029,Playing Musical Instrument,Creative,30,stress,high,Active music making demands full attention providing a powerful stress relief valve,music instrument stress relief creative engagement attention focus play,30
A030,Cooking a New Recipe,Creative,60,depression,moderate,Mindful cooking engages all senses and delivers accomplishment to lift low mood,cooking recipe depression mindful sensory accomplishment mood new,60
A031,Call a Friend / Family,Social,20,depression,high,Social connection and verbal sharing is one of the most evidence-based antidepressants,social call friend family depression connection support sharing voice,20
A032,Group Support Session,Social,60,all,high,Structured peer support group providing shared experience validation and belonging,support group peer connection shared experience all therapy belonging,60
A033,Volunteer Community Work,Social,120,depression,high,Helping others creates purpose and meaning which strongly counteracts depression,volunteer community depression purpose meaning helping others give,120
A034,Family Game Night,Social,90,depression,moderate,Light-hearted family bonding through play to reduce isolation and naturally boost mood,family game play depression bonding isolation mood fun laughter,90
A035,Join a Club or Group,Social,90,depression,moderate,Structured social activity with shared interests to build belonging and reduce loneliness,club group social depression belonging interest community join,90
A036,Coffee Chat with Colleague,Social,30,stress,moderate,Casual workplace social interaction helps process daily stress and build resilience,social work colleague stress casual chat connection resilience workplace,30
A037,Attend a Social Event,Social,120,depression,moderate,Social engagement and new experiences actively combat isolation and depressive withdrawal,social event depression isolation engagement experience new community,120
A038,Online Community Forum,Social,30,depression,low,Virtual connection through shared interest communities for accessible mild social support,online forum community depression virtual connection social support mild,30
A039,Power Nap (20 min),Rest,20,stress,high,Short restorative nap proven to reduce cortisol levels and restore cognitive function,nap sleep stress cortisol rest restore cognitive short recovery power,20
A040,Digital Detox Hour,Rest,60,stress,high,Screen-free time breaks the chronic stress feedback loop of constant digital stimulation,digital detox screen stress break phone offline rest calm unplug,60
A041,Reading Fiction,Rest,45,anxiety,moderate,Engaging fiction provides cognitive escape and has been shown to reduce anxiety by 68%,reading fiction anxiety escape cognitive rest relaxation calm immerse,45
A042,Hot Bath / Shower Relaxation,Rest,20,stress,high,Warm water lowers cortisol prepares the body for rest and powerfully reduces stress,bath shower warm water stress cortisol relax rest recovery soak,20
A043,Forest Bathing,Rest,60,anxiety,high,Shinrin-yoku lowers cortisol blood pressure and anxiety through deep nature immersion,forest bathing nature anxiety cortisol blood pressure shinrin calm trees,60
A044,Aromatherapy Session,Rest,20,anxiety,moderate,Lavender and chamomile scents activate the relaxation response to reduce anxiety,aromatherapy lavender chamomile anxiety relax scent calm sensory oils,20
A045,Gentle Stretching Before Bed,Rest,15,stress,moderate,Light evening stretching signals the body to wind down and improves sleep quality,stretching evening sleep stress wind down bedtime gentle slow,15
A046,Sleep Hygiene Routine,Rest,30,stress,high,Consistent pre-sleep routine regulates circadian rhythm and reduces stress-induced insomnia,sleep hygiene routine stress insomnia circadian bedtime consistent wind,30
A047,CBT Journaling,Cognitive,30,depression,high,Cognitive behavioral journaling to identify and challenge negative automatic thoughts,cbt journaling depression cognitive behavioral negative thoughts challenge,30
A048,Problem-Solving Workshop,Cognitive,45,stress,moderate,Structured problem-solving technique to reduce helplessness and cognitive overwhelm,problem solving stress helpless overwhelm technique structured step,45
A049,Time Management Planning,Cognitive,30,stress,moderate,Prioritization and time-blocking techniques to reduce overwhelm and restore control,time management stress schedule priority planning overwhelm control,30
A050,Positive Affirmations,Cognitive,10,depression,moderate,Daily positive self-statements to counter negative self-talk and improve self-worth,affirmations depression positive self-talk worth daily mindset belief,10
A051,Worry Time Scheduling,Cognitive,20,anxiety,high,Contain anxiety by scheduling a specific daily worry window to break chronic rumination,worry anxiety rumination schedule contain limit cbt technique window,20
A052,Thought Record Exercise,Cognitive,30,anxiety,high,Identify and restructure catastrophic thinking patterns that drive chronic anxiety,thought record anxiety catastrophic thinking cbt restructure pattern,30
A053,Values Clarification,Cognitive,45,depression,moderate,Identify core personal values to restore sense of meaning purpose and life direction,values depression meaning purpose direction life clarity core,45
A054,Behavioral Activation,Cognitive,30,depression,high,Schedule rewarding activities to systematically break the inactivity-depression cycle,behavioral activation depression activity schedule reward cycle break,30
A055,Goal Setting Session,Cognitive,45,all,moderate,SMART goal setting to rebuild motivation confidence and sense of accomplishment,goal setting smart motivation confidence accomplishment all rebuild,45
A056,Self-Compassion Exercise,Cognitive,20,depression,high,Practice treating yourself with the same kindness you would offer a struggling friend,self compassion depression kindness inner critic mindfulness friend,20
A057,Healthy Meal Prep,Lifestyle,60,all,moderate,Prepare nutritious meals to support brain chemistry and stabilize mood through nutrition,nutrition meal prep health mood brain chemistry lifestyle all omega,60
A058,Herbal Tea Ritual,Lifestyle,15,anxiety,moderate,Chamomile or passionflower tea ritual to calm the nervous system and prepare for rest,herbal tea chamomile anxiety nervous system calm ritual bedtime plant,15
A059,Sunlight Exposure Walk,Lifestyle,20,depression,high,Morning sunlight regulates serotonin and melatonin production fighting seasonal depression,sunlight morning depression serotonin melatonin seasonal light vitamin,20
A060,Free-Form Journaling,Lifestyle,20,all,moderate,Unstructured expressive writing to process thoughts emotions and daily experiences,journaling writing emotion thoughts expression daily all process free,20
